{
    "spec_version": 5,
    "project": "dough",
    "tokenizer_name": "google/gemma-3-270m",
    "sequence_length": 2048,
    "micro_batch_size": 1,
    "target_batch_size": 1024,
    "batch_size": 192,
    "inner_steps": 30,
    "outer_learning_rate": 0.4,
    "blocks_per_window": 115,
    "windows_per_weights": 3,
    "outer_steps_per_shard": 455,
    "momentum_decay": 0.95,
    "topk_compression": 64,
    "target_chunk": 64,
    "use_dct": false,
    "binary_score_ma_alpha": 0.05,
    "bma_threshold": 0.10,
    "bma_warmup_windows": 10,
    "missing_gradient_penalty_score": -99.0,
    "model_size": "70B",
    "weight_decay": 0.1,
    "validator_offset": 1,
    "checkpoint_frequency": 10,
    "gather_peer_count": 20,
    "gather_share": 0.75,
    "gather_top_ratio": 2.0,
    "reserve_peer_count": 10,
    "reserve_decay_ratio": 0.5,
    "minimum_peers": 1,
    "peer_replacement_frequency": 2,
    "peer_list_window_margin": 1,
    "active_check_interval": 100,
    "recent_windows": 2,
    "power_normalisation": 2.0,
    "validator_sample_micro_bs": 8,
    "gather_peers_slash_threshold": 0.4,
    "uids_per_window": 20,
    "time_window_delta_seconds": 70,
    "reset_inactivity_windows": 3,
    "sync_max_steps_behind": 2,
    "eval_lr_factor": 0.2,
    "openskill_beta": 7,
    "openskill_tau": 0.1,
    "checkpoint_init_version": "2.1.15",
    "checkpoint_init_window": 59637,
    "num_evaluation_bins": 5,
    "quantization_bins": 4,
    "quantization_range": 6,
    "burn_rate": 0.5,
    "idx_overlap_threshold": 0.4,
    "consecutive_negative_threshold": 3,
    "exclude_negative_peers": true,
  "optimizer": {
    "type": "adamw",
    "adamw": {
      "betas": [0.9, 0.95],
      "eps": 1e-8,
      "weight_decay": 0.1,
      "learning_rate": 1.17e-4,
      "scheduler": {
        "warmup_steps": 1500,
        "warmup_inner_steps": 30,
        "t_max": 140000,
        "eta_min_factor": 0.1,
        "flatten_start_step": 2740,
        "flatten_duration": 450
      }
    },
    "muon": {
      "momentum": 0.95,
      "weight_decay": 0.01,
      "head_lr_scale": 0.2,
      "embed_lr_scale": 0.2,
      "scalar_lr_scale": 0.2,
      "learning_rate": 2e-3,
      "scheduler": {
        "warmup_steps": 1500,
        "warmup_inner_steps": 30,
        "t_max": 140000,
        "eta_min_factor": 0.1,
        "flatten_start_step": null,
        "flatten_duration": 0
      }
    }
  },
  "offload_optimizer_states": true,
  "torchtitan": {
    "tp_degree": 1,
    "pp_degree": 1,
    "cp_degree": 1,

    "dp_replicate": 1,
    "dp_shard": 8,

    "compile": true,
    "enable_cpu_offload": false,

    "mixed_precision_param": "bfloat16",
    "mixed_precision_reduce": "bfloat16",

    "enable_async_tensor_parallel": false,
    "disable_loss_parallel": true,
    "fsdp_reshard_after_forward": "default",
    "enable_compiled_autograd": false,

    "float8_recipe_name": null,
    
    "tie_embeddings": true,

    "activation_checkpoint": {
      "mode": "selective",
      "option": "op"
    }
  }
}
