{
  "annotations": {
    "list": [
      {
        "builtIn": 1,
        "datasource": {
          "type": "influxdb",
          "uid": "influx"
        },
        "enable": true,
        "hide": true,
        "iconColor": "rgba(0, 211, 255, 1)",
        "name": "Annotations & Alerts",
        "target": {
          "limit": 100,
          "matchAny": false,
          "tags": [],
          "type": "dashboard"
        },
        "type": "dashboard"
      }
    ]
  },
  "editable": true,
  "fiscalYearStartMonth": 0,
  "graphTooltip": 0,
  "id": 4,
  "links": [
    {
      "asDropdown": false,
      "icon": "external link",
      "includeVars": false,
      "keepTime": false,
      "tags": [],
      "targetBlank": true,
      "title": "tplr.ai",
      "tooltip": "https://tplr.ai/",
      "type": "link",
      "url": "https://tplr.ai/"
    },
    {
      "asDropdown": false,
      "icon": "doc",
      "includeVars": false,
      "keepTime": false,
      "tags": [],
      "targetBlank": true,
      "title": "Github",
      "tooltip": "https://github.com/one-covenant/templar",
      "type": "link",
      "url": "https://github.com/one-covenant/templar"
    },
    {
      "asDropdown": false,
      "icon": "external link",
      "includeVars": false,
      "keepTime": false,
      "tags": [],
      "targetBlank": true,
      "title": "@tplr_ai",
      "tooltip": "https://x.com/tplr_ai",
      "type": "link",
      "url": "https://x.com/tplr_ai"
    }
  ],
  "liveNow": true,
  "panels": [
    {
      "collapsed": false,
      "gridPos": {
        "h": 1,
        "w": 24,
        "x": 0,
        "y": 0
      },
      "id": 46,
      "panels": [],
      "title": "Row title",
      "type": "row"
    },
    {
      "description": "",
      "gridPos": {
        "h": 4,
        "w": 24,
        "x": 0,
        "y": 1
      },
      "id": 1,
      "options": {
        "code": {
          "language": "plaintext",
          "showLineNumbers": false,
          "showMiniMap": false
        },
        "content": "# Templar Version: ${templar_version}\n\n<p style=\\\"text-align: center; font-size: 1em; color: #aaa;\\\">Version data is automatically fetched from the version API</p>\n",
        "mode": "markdown"
      },
      "pluginVersion": "10.4.0",
      "transparent": true,
      "type": "text"
    },
    {
      "collapsed": false,
      "gridPos": {
        "h": 1,
        "w": 24,
        "x": 0,
        "y": 5
      },
      "id": 2,
      "panels": [],
      "title": "Validator Loss - window axis",
      "type": "row"
    },
    {
      "datasource": {
        "type": "influxdb",
        "uid": "influx"
      },
      "fieldConfig": {
        "defaults": {
          "color": {
            "mode": "palette-classic"
          },
          "custom": {
            "axisBorderShow": false,
            "axisCenteredZero": false,
            "axisColorMode": "text",
            "axisLabel": "",
            "axisPlacement": "auto",
            "barAlignment": 0,
            "drawStyle": "line",
            "fillOpacity": 0,
            "gradientMode": "none",
            "hideFrom": {
              "legend": false,
              "tooltip": false,
              "viz": false
            },
            "insertNulls": false,
            "lineInterpolation": "linear",
            "lineWidth": 1,
            "pointSize": 5,
            "scaleDistribution": {
              "type": "linear"
            },
            "showPoints": "auto",
            "spanNulls": false,
            "stacking": {
              "group": "A",
              "mode": "none"
            },
            "thresholdsStyle": {
              "mode": "off"
            }
          },
          "mappings": [],
          "thresholds": {
            "mode": "absolute",
            "steps": [
              {
                "color": "green",
                "value": null
              },
              {
                "color": "red",
                "value": 80
              }
            ]
          },
          "unit": "none"
        },
        "overrides": [
          {
            "__systemRef": "hideSeriesFrom",
            "matcher": {
              "id": "byNames",
              "options": {
                "mode": "exclude",
                "names": [
                  "1"
                ],
                "prefix": "All except:",
                "readOnly": true
              }
            },
            "properties": [
              {
                "id": "custom.hideFrom",
                "value": {
                  "legend": false,
                  "tooltip": false,
                  "viz": true
                }
              }
            ]
          }
        ]
      },
      "gridPos": {
        "h": 14,
        "w": 24,
        "x": 0,
        "y": 6
      },
      "id": 45,
      "options": {
        "legend": {
          "calcs": [
            "last"
          ],
          "displayMode": "list",
          "placement": "right",
          "showLegend": true
        },
        "tooltip": {
          "mode": "single",
          "sort": "none"
        },
        "xField": "window_int"
      },
      "targets": [
        {
          "datasource": {
            "type": "influxdb",
            "uid": "influx"
          },
          "query": "from(bucket: \"tplr\")\n  |> range(start: v.timeRangeStart, stop: v.timeRangeStop)\n  |> filter(fn: (r) => r._measurement == \"Vvalidator_window_v2\")\n  |> filter(fn: (r) => r._field == \"loss_random_before\")\n  |> filter(fn: (r) => r[\"role\"] == \"validator\")\n  |> filter(fn: (r) => r[\"uid\"] =~ /^\\d+$/)\n  |> filter(fn: (r) => r[\"version\"] == \"${templar_version}\")\n  |> filter(fn: (r) => r[\"config_netuid\"] == \"3\")\n  |> filter(fn: (r) => r[\"config_project\"] == \"templar\")\n  |> map(fn: (r) => ({ r with window_int: int(v: r.window) }))\n  |> group(columns: [\"uid\"], mode:\"by\")\n  |> pivot(rowKey: [\"window_int\"], columnKey: [\"uid\"], valueColumn: \"_value\")\n  |> sort(columns: [\"window_int\"], desc: false)",
          "refId": "A"
        }
      ],
      "title": "Validator Loss - by window",
      "type": "trend"
    },
    {
      "collapsed": true,
      "gridPos": {
        "h": 1,
        "w": 24,
        "x": 0,
        "y": 20
      },
      "id": 47,
      "panels": [
        {
          "datasource": {
            "type": "influxdb",
            "uid": "influx"
          },
          "fieldConfig": {
            "defaults": {
              "color": {
                "mode": "palette-classic"
              },
              "custom": {
                "axisBorderShow": false,
                "axisCenteredZero": false,
                "axisColorMode": "text",
                "axisLabel": "",
                "axisPlacement": "auto",
                "barAlignment": 0,
                "drawStyle": "line",
                "fillOpacity": 10,
                "gradientMode": "none",
                "hideFrom": {
                  "legend": false,
                  "tooltip": false,
                  "viz": false
                },
                "insertNulls": false,
                "lineInterpolation": "linear",
                "lineWidth": 1,
                "pointSize": 5,
                "scaleDistribution": {
                  "type": "linear"
                },
                "showPoints": "auto",
                "spanNulls": false,
                "stacking": {
                  "group": "A",
                  "mode": "none"
                },
                "thresholdsStyle": {
                  "mode": "off"
                }
              },
              "mappings": [],
              "thresholds": {
                "mode": "absolute",
                "steps": [
                  {
                    "color": "green"
                  },
                  {
                    "color": "red",
                    "value": 80
                  }
                ]
              },
              "unit": "short"
            },
            "overrides": [
              {
                "__systemRef": "hideSeriesFrom",
                "matcher": {
                  "id": "byNames",
                  "options": {
                    "mode": "exclude",
                    "names": [
                      "loss_random_before 1"
                    ],
                    "prefix": "All except:",
                    "readOnly": true
                  }
                },
                "properties": [
                  {
                    "id": "custom.hideFrom",
                    "value": {
                      "legend": false,
                      "tooltip": false,
                      "viz": true
                    }
                  }
                ]
              }
            ]
          },
          "gridPos": {
            "h": 14,
            "w": 24,
            "x": 0,
            "y": 21
          },
          "id": 28,
          "options": {
            "legend": {
              "calcs": [],
              "displayMode": "list",
              "placement": "bottom",
              "showLegend": true
            },
            "tooltip": {
              "mode": "single",
              "sort": "none"
            }
          },
          "targets": [
            {
              "datasource": {
                "type": "influxdb",
                "uid": "influx"
              },
              "query": "from(bucket: \"tplr\")\n  |> range(start: v.timeRangeStart, stop: v.timeRangeStop)\n  |> filter(fn: (r) => r._measurement == \"Vvalidator_window_v2\")\n  |> filter(fn: (r) => r._field == \"loss_random_before\")\n  |> filter(fn: (r) => r[\"role\"] == \"validator\")\n  |> filter(fn: (r) => r[\"uid\"] =~ /^\\d+$/)\n  |> filter(fn: (r) => r[\"version\"] == \"${templar_version}\")\n  |> filter(fn: (r) => r[\"config_netuid\"] == \"3\")\n  |> filter(fn: (r) => r[\"config_project\"] == \"templar\")\n  |> sort(columns: [\"_time\"])\n  |> group(columns: [\"uid\", \"_field\"])\n  |> aggregateWindow(every: v.windowPeriod, fn: mean, createEmpty: false)\n  |> yield(name: \"mean\")",
              "refId": "A"
            }
          ],
          "title": "Validator Loss - time axis",
          "type": "timeseries"
        }
      ],
      "title": "Validator Loss - time axis",
      "type": "row"
    },
    {
      "collapsed": true,
      "gridPos": {
        "h": 1,
        "w": 24,
        "x": 0,
        "y": 21
      },
      "id": 52,
      "panels": [
        {
          "datasource": {
            "type": "influxdb",
            "uid": "influx"
          },
          "fieldConfig": {
            "defaults": {
              "color": {
                "mode": "palette-classic"
              },
              "custom": {
                "axisBorderShow": false,
                "axisCenteredZero": false,
                "axisColorMode": "text",
                "axisLabel": "",
                "axisPlacement": "auto",
                "barAlignment": 0,
                "drawStyle": "line",
                "fillOpacity": 0,
                "gradientMode": "none",
                "hideFrom": {
                  "legend": false,
                  "tooltip": false,
                  "viz": false
                },
                "insertNulls": false,
                "lineInterpolation": "linear",
                "lineWidth": 1,
                "pointSize": 5,
                "scaleDistribution": {
                  "type": "linear"
                },
                "showPoints": "auto",
                "spanNulls": false,
                "stacking": {
                  "group": "A",
                  "mode": "none"
                },
                "thresholdsStyle": {
                  "mode": "off"
                }
              },
              "decimals": 0,
              "fieldMinMax": false,
              "mappings": [],
              "thresholds": {
                "mode": "absolute",
                "steps": [
                  {
                    "color": "green"
                  },
                  {
                    "color": "red",
                    "value": 80
                  }
                ]
              },
              "unit": "none"
            },
            "overrides": [
              {
                "__systemRef": "hideSeriesFrom",
                "matcher": {
                  "id": "byNames",
                  "options": {
                    "mode": "exclude",
                    "names": [
                      "peer_update_time 1"
                    ],
                    "prefix": "All except:",
                    "readOnly": true
                  }
                },
                "properties": [
                  {
                    "id": "custom.hideFrom",
                    "value": {
                      "legend": false,
                      "tooltip": false,
                      "viz": true
                    }
                  }
                ]
              }
            ]
          },
          "gridPos": {
            "h": 10,
            "w": 8,
            "x": 0,
            "y": 22
          },
          "id": 34,
          "options": {
            "legend": {
              "calcs": [],
              "displayMode": "list",
              "placement": "bottom",
              "showLegend": true
            },
            "tooltip": {
              "mode": "single",
              "sort": "none"
            }
          },
          "pluginVersion": "10.4.0",
          "targets": [
            {
              "datasource": {
                "type": "influxdb",
                "uid": "influx"
              },
              "query": "from(bucket: \"tplr\")\n  |> range(start: v.timeRangeStart, stop: v.timeRangeStop)\n  |> filter(fn: (r) => r._measurement == \"Vvalidator_window_v2\")\n  |> filter(fn: (r) => r._field == \"peer_update_time\")\n  |> filter(fn: (r) => r[\"role\"] == \"validator\")\n  |> filter(fn: (r) => r[\"uid\"] =~ /^\\d+$/)\n  |> filter(fn: (r) => r[\"version\"] == \"${templar_version}\")\n  |> filter(fn: (r) => r[\"config_netuid\"] == \"3\")\n  |> filter(fn: (r) => r[\"config_project\"] == \"templar\")\n  |> sort(columns: [\"_time\"])\n  |> group(columns: [\"uid\", \"_field\"])\n  |> aggregateWindow(every: v.windowPeriod, fn: mean, createEmpty: false)\n  |> yield(name: \"mean\")",
              "refId": "A"
            }
          ],
          "title": "Validator Peer Update Time",
          "type": "timeseries"
        },
        {
          "datasource": {
            "type": "influxdb",
            "uid": "influx"
          },
          "fieldConfig": {
            "defaults": {
              "color": {
                "mode": "palette-classic"
              },
              "custom": {
                "axisBorderShow": false,
                "axisCenteredZero": false,
                "axisColorMode": "text",
                "axisLabel": "",
                "axisPlacement": "auto",
                "barAlignment": 0,
                "drawStyle": "line",
                "fillOpacity": 0,
                "gradientMode": "none",
                "hideFrom": {
                  "legend": false,
                  "tooltip": false,
                  "viz": false
                },
                "insertNulls": false,
                "lineInterpolation": "linear",
                "lineWidth": 1,
                "pointSize": 5,
                "scaleDistribution": {
                  "type": "linear"
                },
                "showPoints": "auto",
                "spanNulls": false,
                "stacking": {
                  "group": "A",
                  "mode": "none"
                },
                "thresholdsStyle": {
                  "mode": "off"
                }
              },
              "decimals": 0,
              "fieldMinMax": false,
              "mappings": [],
              "thresholds": {
                "mode": "absolute",
                "steps": [
                  {
                    "color": "green"
                  },
                  {
                    "color": "red",
                    "value": 80
                  }
                ]
              },
              "unit": "none"
            },
            "overrides": [
              {
                "__systemRef": "hideSeriesFrom",
                "matcher": {
                  "id": "byNames",
                  "options": {
                    "mode": "exclude",
                    "names": [
                      "model_update_time 1"
                    ],
                    "prefix": "All except:",
                    "readOnly": true
                  }
                },
                "properties": [
                  {
                    "id": "custom.hideFrom",
                    "value": {
                      "legend": false,
                      "tooltip": false,
                      "viz": true
                    }
                  }
                ]
              }
            ]
          },
          "gridPos": {
            "h": 10,
            "w": 8,
            "x": 8,
            "y": 22
          },
          "id": 53,
          "options": {
            "legend": {
              "calcs": [],
              "displayMode": "list",
              "placement": "bottom",
              "showLegend": true
            },
            "tooltip": {
              "mode": "single",
              "sort": "none"
            }
          },
          "pluginVersion": "10.4.0",
          "targets": [
            {
              "datasource": {
                "type": "influxdb",
                "uid": "influx"
              },
              "query": "from(bucket: \"tplr\")\n  |> range(start: v.timeRangeStart, stop: v.timeRangeStop)\n  |> filter(fn: (r) => r._measurement == \"Vvalidator_window_v2\")\n  |> filter(fn: (r) => r._field == \"model_update_time\")\n  |> filter(fn: (r) => r[\"role\"] == \"validator\")\n  |> filter(fn: (r) => r[\"uid\"] =~ /^\\d+$/)\n  |> filter(fn: (r) => r[\"version\"] == \"${templar_version}\")\n  |> filter(fn: (r) => r[\"config_netuid\"] == \"3\")\n  |> filter(fn: (r) => r[\"config_project\"] == \"templar\")\n  |> sort(columns: [\"_time\"])\n  |> group(columns: [\"uid\", \"_field\"])\n  |> aggregateWindow(every: v.windowPeriod, fn: mean, createEmpty: false)\n  |> yield(name: \"mean\")",
              "refId": "A"
            }
          ],
          "title": "Validator Model Update Time",
          "type": "timeseries"
        },
        {
          "datasource": {
            "type": "influxdb",
            "uid": "influx"
          },
          "fieldConfig": {
            "defaults": {
              "color": {
                "mode": "palette-classic"
              },
              "custom": {
                "axisBorderShow": false,
                "axisCenteredZero": false,
                "axisColorMode": "text",
                "axisLabel": "",
                "axisPlacement": "auto",
                "barAlignment": 0,
                "drawStyle": "line",
                "fillOpacity": 0,
                "gradientMode": "none",
                "hideFrom": {
                  "legend": false,
                  "tooltip": false,
                  "viz": false
                },
                "insertNulls": false,
                "lineInterpolation": "linear",
                "lineWidth": 1,
                "pointSize": 5,
                "scaleDistribution": {
                  "type": "linear"
                },
                "showPoints": "auto",
                "spanNulls": false,
                "stacking": {
                  "group": "A",
                  "mode": "none"
                },
                "thresholdsStyle": {
                  "mode": "off"
                }
              },
              "decimals": 0,
              "fieldMinMax": false,
              "mappings": [],
              "thresholds": {
                "mode": "absolute",
                "steps": [
                  {
                    "color": "green"
                  },
                  {
                    "color": "red",
                    "value": 80
                  }
                ]
              },
              "unit": "none"
            },
            "overrides": [
              {
                "__systemRef": "hideSeriesFrom",
                "matcher": {
                  "id": "byNames",
                  "options": {
                    "mode": "exclude",
                    "names": [
                      "window_total_time 1"
                    ],
                    "prefix": "All except:",
                    "readOnly": true
                  }
                },
                "properties": [
                  {
                    "id": "custom.hideFrom",
                    "value": {
                      "legend": false,
                      "tooltip": false,
                      "viz": true
                    }
                  }
                ]
              }
            ]
          },
          "gridPos": {
            "h": 10,
            "w": 8,
            "x": 16,
            "y": 22
          },
          "id": 54,
          "options": {
            "legend": {
              "calcs": [],
              "displayMode": "list",
              "placement": "bottom",
              "showLegend": true
            },
            "tooltip": {
              "mode": "single",
              "sort": "none"
            }
          },
          "pluginVersion": "10.4.0",
          "targets": [
            {
              "datasource": {
                "type": "influxdb",
                "uid": "influx"
              },
              "query": "from(bucket: \"tplr\")\n  |> range(start: v.timeRangeStart, stop: v.timeRangeStop)\n  |> filter(fn: (r) => r._measurement == \"Vvalidator_window_v2\")\n  |> filter(fn: (r) => r._field == \"window_total_time\")\n  |> filter(fn: (r) => r[\"role\"] == \"validator\")\n  |> filter(fn: (r) => r[\"uid\"] =~ /^\\d+$/)\n  |> filter(fn: (r) => r[\"version\"] == \"${templar_version}\")\n  |> filter(fn: (r) => r[\"config_netuid\"] == \"3\")\n  |> filter(fn: (r) => r[\"config_project\"] == \"templar\")\n  |> sort(columns: [\"_time\"])\n  |> group(columns: [\"uid\", \"_field\"])\n  |> aggregateWindow(every: v.windowPeriod, fn: mean, createEmpty: false)\n  |> yield(name: \"mean\")",
              "refId": "A"
            }
          ],
          "title": "Validator Window Total Time",
          "type": "timeseries"
        }
      ],
      "title": "All Validators update time metrics",
      "type": "row"
    },
    {
      "collapsed": false,
      "gridPos": {
        "h": 1,
        "w": 24,
        "x": 0,
        "y": 22
      },
      "id": 48,
      "panels": [],
      "title": "All Validator Perf metrics",
      "type": "row"
    },
    {
      "datasource": {
        "type": "influxdb",
        "uid": "influx"
      },
      "fieldConfig": {
        "defaults": {
          "color": {
            "mode": "palette-classic"
          },
          "custom": {
            "axisBorderShow": false,
            "axisCenteredZero": false,
            "axisColorMode": "text",
            "axisLabel": "",
            "axisPlacement": "auto",
            "barAlignment": 0,
            "drawStyle": "line",
            "fillOpacity": 0,
            "gradientMode": "none",
            "hideFrom": {
              "legend": false,
              "tooltip": false,
              "viz": false
            },
            "insertNulls": false,
            "lineInterpolation": "linear",
            "lineWidth": 1,
            "pointSize": 5,
            "scaleDistribution": {
              "type": "linear"
            },
            "showPoints": "auto",
            "spanNulls": false,
            "stacking": {
              "group": "A",
              "mode": "none"
            },
            "thresholdsStyle": {
              "mode": "off"
            }
          },
          "decimals": 0,
          "fieldMinMax": false,
          "mappings": [],
          "thresholds": {
            "mode": "absolute",
            "steps": [
              {
                "color": "green",
                "value": null
              },
              {
                "color": "red",
                "value": 80
              }
            ]
          },
          "unit": "none"
        },
        "overrides": [
          {
            "__systemRef": "hideSeriesFrom",
            "matcher": {
              "id": "byNames",
              "options": {
                "mode": "exclude",
                "names": [
                  "gather_time 1"
                ],
                "prefix": "All except:",
                "readOnly": true
              }
            },
            "properties": [
              {
                "id": "custom.hideFrom",
                "value": {
                  "legend": false,
                  "tooltip": false,
                  "viz": true
                }
              }
            ]
          }
        ]
      },
      "gridPos": {
        "h": 10,
        "w": 8,
        "x": 0,
        "y": 23
      },
      "id": 51,
      "options": {
        "legend": {
          "calcs": [],
          "displayMode": "list",
          "placement": "bottom",
          "showLegend": true
        },
        "tooltip": {
          "mode": "single",
          "sort": "none"
        }
      },
      "pluginVersion": "10.4.0",
      "targets": [
        {
          "datasource": {
            "type": "influxdb",
            "uid": "influx"
          },
          "query": "from(bucket: \"tplr\")\n  |> range(start: v.timeRangeStart, stop: v.timeRangeStop)\n  |> filter(fn: (r) => r._measurement == \"Vvalidator_window_v2\")\n  |> filter(fn: (r) => r._field == \"gather_time\")\n  |> filter(fn: (r) => r[\"role\"] == \"validator\")\n  |> filter(fn: (r) => r[\"uid\"] =~ /^\\d+$/)\n  |> filter(fn: (r) => r[\"version\"] == \"${templar_version}\")\n  |> filter(fn: (r) => r[\"config_netuid\"] == \"3\")\n  |> filter(fn: (r) => r[\"config_project\"] == \"templar\")\n  |> sort(columns: [\"_time\"])\n  |> group(columns: [\"uid\", \"_field\"])\n  |> aggregateWindow(every: v.windowPeriod, fn: mean, createEmpty: false)\n  |> yield(name: \"mean\")",
          "refId": "A"
        }
      ],
      "title": "Validator Gather time",
      "type": "timeseries"
    },
    {
      "datasource": {
        "type": "influxdb",
        "uid": "influx"
      },
      "fieldConfig": {
        "defaults": {
          "color": {
            "mode": "palette-classic"
          },
          "custom": {
            "axisBorderShow": false,
            "axisCenteredZero": false,
            "axisColorMode": "text",
            "axisLabel": "",
            "axisPlacement": "left",
            "barAlignment": 0,
            "drawStyle": "line",
            "fillOpacity": 0,
            "gradientMode": "none",
            "hideFrom": {
              "legend": false,
              "tooltip": false,
              "viz": false
            },
            "insertNulls": false,
            "lineInterpolation": "linear",
            "lineWidth": 1,
            "pointSize": 5,
            "scaleDistribution": {
              "type": "linear"
            },
            "showPoints": "auto",
            "spanNulls": false,
            "stacking": {
              "group": "A",
              "mode": "none"
            },
            "thresholdsStyle": {
              "mode": "off"
            }
          },
          "fieldMinMax": false,
          "mappings": [],
          "thresholds": {
            "mode": "absolute",
            "steps": [
              {
                "color": "green",
                "value": null
              },
              {
                "color": "red",
                "value": 80
              }
            ]
          },
          "unit": "none"
        },
        "overrides": [
          {
            "__systemRef": "hideSeriesFrom",
            "matcher": {
              "id": "byNames",
              "options": {
                "mode": "exclude",
                "names": [
                  "evaluation_time 1"
                ],
                "prefix": "All except:",
                "readOnly": true
              }
            },
            "properties": [
              {
                "id": "custom.hideFrom",
                "value": {
                  "legend": false,
                  "tooltip": false,
                  "viz": true
                }
              }
            ]
          }
        ]
      },
      "gridPos": {
        "h": 10,
        "w": 8,
        "x": 8,
        "y": 23
      },
      "id": 35,
      "options": {
        "legend": {
          "calcs": [],
          "displayMode": "list",
          "placement": "bottom",
          "showLegend": true
        },
        "tooltip": {
          "mode": "single",
          "sort": "none"
        }
      },
      "pluginVersion": "10.4.0",
      "targets": [
        {
          "datasource": {
            "type": "influxdb",
            "uid": "influx"
          },
          "query": "from(bucket: \"tplr\")\n  |> range(start: v.timeRangeStart, stop: v.timeRangeStop)\n  |> filter(fn: (r) => r._measurement == \"Vvalidator_window_v2\")\n  |> filter(fn: (r) => r._field == \"evaluation_time\")\n  |> filter(fn: (r) => r[\"role\"] == \"validator\")\n  |> filter(fn: (r) => r[\"uid\"] =~ /^\\d+$/)\n  |> filter(fn: (r) => r[\"version\"] == \"${templar_version}\")\n  |> filter(fn: (r) => r[\"config_netuid\"] == \"3\")\n  |> filter(fn: (r) => r[\"config_project\"] == \"templar\")\n  |> sort(columns: [\"_time\"])\n  |> group(columns: [\"uid\", \"_field\"])\n  |> aggregateWindow(every: v.windowPeriod, fn: mean, createEmpty: false)\n  |> yield(name: \"mean\")",
          "refId": "A"
        }
      ],
      "title": "Validator Evaluation time",
      "type": "timeseries"
    },
    {
      "datasource": {
        "type": "influxdb",
        "uid": "influx"
      },
      "fieldConfig": {
        "defaults": {
          "color": {
            "mode": "palette-classic"
          },
          "custom": {
            "axisBorderShow": false,
            "axisCenteredZero": false,
            "axisColorMode": "text",
            "axisLabel": "",
            "axisPlacement": "auto",
            "barAlignment": 0,
            "drawStyle": "line",
            "fillOpacity": 0,
            "gradientMode": "none",
            "hideFrom": {
              "legend": false,
              "tooltip": false,
              "viz": false
            },
            "insertNulls": false,
            "lineInterpolation": "linear",
            "lineWidth": 1,
            "pointSize": 5,
            "scaleDistribution": {
              "type": "linear"
            },
            "showPoints": "auto",
            "spanNulls": false,
            "stacking": {
              "group": "A",
              "mode": "none"
            },
            "thresholdsStyle": {
              "mode": "off"
            }
          },
          "decimals": 0,
          "fieldMinMax": false,
          "mappings": [],
          "thresholds": {
            "mode": "absolute",
            "steps": [
              {
                "color": "green",
                "value": null
              },
              {
                "color": "red",
                "value": 80
              }
            ]
          },
          "unit": "short"
        },
        "overrides": [
          {
            "__systemRef": "hideSeriesFrom",
            "matcher": {
              "id": "byNames",
              "options": {
                "mode": "exclude",
                "names": [
                  "total_skipped 1"
                ],
                "prefix": "All except:",
                "readOnly": true
              }
            },
            "properties": [
              {
                "id": "custom.hideFrom",
                "value": {
                  "legend": false,
                  "tooltip": false,
                  "viz": true
                }
              }
            ]
          }
        ]
      },
      "gridPos": {
        "h": 10,
        "w": 8,
        "x": 16,
        "y": 23
      },
      "id": 33,
      "options": {
        "legend": {
          "calcs": [],
          "displayMode": "list",
          "placement": "bottom",
          "showLegend": true
        },
        "tooltip": {
          "mode": "single",
          "sort": "none"
        }
      },
      "pluginVersion": "10.4.0",
      "targets": [
        {
          "datasource": {
            "type": "influxdb",
            "uid": "influx"
          },
          "query": "from(bucket: \"tplr\")\n  |> range(start: v.timeRangeStart, stop: v.timeRangeStop)\n  |> filter(fn: (r) => r._measurement == \"Vvalidator_window_v2\")\n  |> filter(fn: (r) => r._field == \"total_skipped\")\n  |> filter(fn: (r) => r[\"role\"] == \"validator\")\n  |> filter(fn: (r) => r[\"uid\"] =~ /^\\d+$/)\n  |> filter(fn: (r) => r[\"version\"] == \"${templar_version}\")\n  |> filter(fn: (r) => r[\"config_netuid\"] == \"3\")\n  |> filter(fn: (r) => r[\"config_project\"] == \"templar\")\n  |> sort(columns: [\"_time\"])\n  |> group(columns: [\"uid\", \"_field\"])\n  |> aggregateWindow(every: v.windowPeriod, fn: mean, createEmpty: false)\n  |> yield(name: \"mean\")",
          "refId": "A"
        }
      ],
      "title": "Validator Total Skipped",
      "type": "timeseries"
    },
    {
      "datasource": {
        "type": "influxdb",
        "uid": "influx"
      },
      "fieldConfig": {
        "defaults": {
          "color": {
            "mode": "thresholds"
          },
          "decimals": 4,
          "fieldMinMax": false,
          "mappings": [],
          "thresholds": {
            "mode": "absolute",
            "steps": [
              {
                "color": "green",
                "value": null
              },
              {
                "color": "blue",
                "value": 80
              }
            ]
          },
          "unit": "short"
        },
        "overrides": []
      },
      "gridPos": {
        "h": 10,
        "w": 4,
        "x": 0,
        "y": 33
      },
      "id": 30,
      "options": {
        "colorMode": "none",
        "graphMode": "area",
        "justifyMode": "auto",
        "orientation": "horizontal",
        "reduceOptions": {
          "calcs": [
            "lastNotNull"
          ],
          "fields": "",
          "values": false
        },
        "showPercentChange": false,
        "textMode": "auto",
        "wideLayout": true
      },
      "pluginVersion": "10.4.0",
      "targets": [
        {
          "datasource": {
            "type": "influxdb",
            "uid": "influx"
          },
          "query": "from(bucket: \"tplr\")\n  |> range(start: v.timeRangeStart, stop: v.timeRangeStop)\n  |> filter(fn: (r) => r._measurement == \"Vvalidator_window_v2\")\n  |> filter(fn: (r) => r[\"role\"] == \"validator\")\n  |> filter(fn: (r) => r[\"version\"] == \"${templar_version}\")\n  |> filter(fn: (r) => r[\"uid\"] =~ /^\\d+$/)\n  |> filter(fn: (r) => r[\"config_netuid\"] == \"3\")\n  |> filter(fn: (r) => r[\"config_project\"] == \"templar\")\n  |> filter(fn: (r) => exists r.global_step)\n  |> drop(columns: [\"_value\"])\n  |> keep(columns: [\"_time\", \"global_step\", \"uid\"])\n  |> map(fn: (r) => ({ r with _value: int(v: r.global_step) }))\n  |> group(columns: [\"uid\"])  // Group by uid so that each table is per UID\n  |> keep(columns: [\"_time\", \"_value\", \"uid\"])\n  |> sort(columns: [\"_time\"])\n  |> aggregateWindow(every: 8m, fn: max, createEmpty: false)\n  |> yield(name: \"global_step\")\n",
          "refId": "A"
        }
      ],
      "title": "Validator Global Step",
      "type": "stat"
    },
    {
      "datasource": {
        "type": "influxdb",
        "uid": "influx"
      },
      "fieldConfig": {
        "defaults": {
          "color": {
            "mode": "thresholds"
          },
          "decimals": 4,
          "fieldMinMax": false,
          "mappings": [],
          "thresholds": {
            "mode": "absolute",
            "steps": [
              {
                "color": "green",
                "value": null
              },
              {
                "color": "blue",
                "value": 80
              }
            ]
          },
          "unit": "short"
        },
        "overrides": []
      },
      "gridPos": {
        "h": 10,
        "w": 4,
        "x": 4,
        "y": 33
      },
      "id": 32,
      "options": {
        "colorMode": "none",
        "graphMode": "area",
        "justifyMode": "auto",
        "orientation": "horizontal",
        "reduceOptions": {
          "calcs": [
            "lastNotNull"
          ],
          "fields": "",
          "values": false
        },
        "showPercentChange": false,
        "textMode": "auto",
        "wideLayout": true
      },
      "pluginVersion": "10.4.0",
      "targets": [
        {
          "datasource": {
            "type": "influxdb",
            "uid": "influx"
          },
          "query": "from(bucket: \"tplr\")\n  |> range(start: v.timeRangeStart, stop: v.timeRangeStop)\n  |> filter(fn: (r) => r._measurement == \"Vvalidator_window_v2\")\n  |> filter(fn: (r) => r[\"role\"] == \"validator\")\n  |> filter(fn: (r) => r[\"version\"] == \"${templar_version}\")\n  |> filter(fn: (r) => r[\"uid\"] =~ /^\\d+$/)\n  |> filter(fn: (r) => r[\"config_netuid\"] == \"3\")\n  |> filter(fn: (r) => r[\"config_project\"] == \"templar\")\n  |> filter(fn: (r) => exists r.window)\n  |> drop(columns: [\"_value\"])\n  |> keep(columns: [\"_time\", \"window\", \"uid\"])\n  |> map(fn: (r) => ({ r with _value: int(v: r.window) }))\n  |> group(columns: [\"uid\"])  // Group by uid so that each table is per UID\n  |> keep(columns: [\"_time\", \"_value\", \"uid\"])\n  |> sort(columns: [\"_time\"])\n  |> aggregateWindow(every: 8m, fn: max, createEmpty: false)\n  |> yield(name: \"window\")\n",
          "refId": "A"
        }
      ],
      "title": "Validator Window",
      "type": "stat"
    },
    {
      "datasource": {
        "type": "influxdb",
        "uid": "influx"
      },
      "fieldConfig": {
        "defaults": {
          "color": {
            "mode": "thresholds"
          },
          "decimals": 1,
          "fieldMinMax": false,
          "mappings": [],
          "thresholds": {
            "mode": "absolute",
            "steps": [
              {
                "color": "red",
                "value": null
              },
              {
                "color": "green",
                "value": 80
              }
            ]
          },
          "unit": "percent"
        },
        "overrides": []
      },
      "gridPos": {
        "h": 10,
        "w": 4,
        "x": 8,
        "y": 33
      },
      "id": 36,
      "options": {
        "colorMode": "none",
        "graphMode": "area",
        "justifyMode": "auto",
        "orientation": "horizontal",
        "reduceOptions": {
          "calcs": [
            "lastNotNull"
          ],
          "fields": "",
          "values": false
        },
        "showPercentChange": false,
        "textMode": "auto",
        "wideLayout": true
      },
      "pluginVersion": "10.4.0",
      "targets": [
        {
          "datasource": {
            "type": "influxdb",
            "uid": "influx"
          },
          "query": "from(bucket: \"tplr\")\n  |> range(start: v.timeRangeStart, stop: v.timeRangeStop)\n  |> filter(fn: (r) => r._measurement == \"Vvalidator_window_v2\")\n  |> filter(fn: (r) => r._field == \"gather_success_rate\")\n  |> filter(fn: (r) => r[\"role\"] == \"validator\")\n  |> filter(fn: (r) => r[\"version\"] == \"${templar_version}\")\n  |> filter(fn: (r) => r[\"uid\"] =~ /^\\d+$/)\n  |> filter(fn: (r) => r[\"config_netuid\"] == \"3\")\n  |> filter(fn: (r) => r[\"config_project\"] == \"templar\")\n  |> sort(columns: [\"_time\"])\n  |> group(columns: [\"uid\", \"_field\"])\n  |> aggregateWindow(every: v.windowPeriod, fn: mean, createEmpty: false)\n  |> yield(name: \"mean\")",
          "refId": "A"
        }
      ],
      "title": "Validator Gather Success Rate",
      "type": "stat"
    },
    {
      "datasource": {
        "type": "influxdb",
        "uid": "influx"
      },
      "fieldConfig": {
        "defaults": {
          "color": {
            "mode": "continuous-YlRd"
          },
          "fieldMinMax": true,
          "mappings": [],
          "thresholds": {
            "mode": "percentage",
            "steps": [
              {
                "color": "green",
                "value": null
              }
            ]
          },
          "unit": "none"
        },
        "overrides": []
      },
      "gridPos": {
        "h": 10,
        "w": 4,
        "x": 12,
        "y": 33
      },
      "id": 37,
      "options": {
        "colorMode": "none",
        "graphMode": "area",
        "justifyMode": "auto",
        "orientation": "horizontal",
        "reduceOptions": {
          "calcs": [
            "min"
          ],
          "fields": "",
          "values": false
        },
        "showPercentChange": false,
        "textMode": "auto",
        "wideLayout": true
      },
      "pluginVersion": "10.4.0",
      "targets": [
        {
          "datasource": {
            "type": "influxdb",
            "uid": "influx"
          },
          "query": "from(bucket: \"tplr\")\n  |> range(start: v.timeRangeStart, stop: v.timeRangeStop)\n  |> filter(fn: (r) => r._measurement == \"Vvalidator_window_v2\")\n  |> filter(fn: (r) => r._field == \"learning_rate\")\n  |> filter(fn: (r) => r[\"role\"] == \"validator\")\n  |> filter(fn: (r) => r[\"version\"] == \"${templar_version}\")\n  |> filter(fn: (r) => r[\"uid\"] =~ /^\\d+$/)\n  |> filter(fn: (r) => r[\"config_netuid\"] == \"3\")\n  |> filter(fn: (r) => r[\"config_project\"] == \"templar\")\n  |> sort(columns: [\"_time\"])\n  |> group(columns: [\"uid\", \"_field\"])\n  |> aggregateWindow(every: v.windowPeriod, fn: mean, createEmpty: false)\n  |> yield(name: \"mean\")",
          "refId": "A"
        }
      ],
      "title": "Validator Learning Rate",
      "type": "stat"
    },
    {
      "datasource": {
        "type": "influxdb",
        "uid": "influx"
      },
      "fieldConfig": {
        "defaults": {
          "color": {
            "mode": "fixed"
          },
          "fieldMinMax": false,
          "mappings": [],
          "thresholds": {
            "mode": "percentage",
            "steps": [
              {
                "color": "green",
                "value": null
              }
            ]
          },
          "unit": "none"
        },
        "overrides": []
      },
      "gridPos": {
        "h": 10,
        "w": 4,
        "x": 16,
        "y": 33
      },
      "id": 38,
      "options": {
        "colorMode": "none",
        "graphMode": "area",
        "justifyMode": "auto",
        "orientation": "horizontal",
        "reduceOptions": {
          "calcs": [
            "min"
          ],
          "fields": "",
          "values": false
        },
        "showPercentChange": false,
        "textMode": "auto",
        "wideLayout": true
      },
      "pluginVersion": "10.4.0",
      "targets": [
        {
          "datasource": {
            "type": "influxdb",
            "uid": "influx"
          },
          "query": "from(bucket: \"tplr\")\n  |> range(start: v.timeRangeStart, stop: v.timeRangeStop)\n  |> filter(fn: (r) => r._measurement == \"Vvalidator_window_v2\")\n  |> filter(fn: (r) => r._field == \"total_peers\")\n  |> filter(fn: (r) => r[\"role\"] == \"validator\")\n  |> filter(fn: (r) => r[\"version\"] == \"${templar_version}\")\n  |> filter(fn: (r) => r[\"uid\"] =~ /^\\d+$/)\n  |> filter(fn: (r) => r[\"config_netuid\"] == \"3\")\n  |> filter(fn: (r) => r[\"config_project\"] == \"templar\")\n  |> sort(columns: [\"_time\"])\n  |> group(columns: [\"uid\", \"_field\"])\n  |> aggregateWindow(every: v.windowPeriod, fn: mean, createEmpty: false)\n  |> yield(name: \"mean\")",
          "refId": "A"
        }
      ],
      "title": "Validator Total Peers",
      "type": "stat"
    },
    {
      "datasource": {
        "type": "influxdb",
        "uid": "influx"
      },
      "fieldConfig": {
        "defaults": {
          "mappings": [],
          "thresholds": {
            "mode": "absolute",
            "steps": [
              {
                "color": "red",
                "value": null
              },
              {
                "color": "green",
                "value": 80
              }
            ]
          },
          "unit": "short"
        },
        "overrides": []
      },
      "gridPos": {
        "h": 10,
        "w": 4,
        "x": 20,
        "y": 33
      },
      "id": 39,
      "options": {
        "colorMode": "value",
        "graphMode": "none",
        "justifyMode": "center",
        "orientation": "auto",
        "reduceOptions": {
          "calcs": [
            "lastNotNull"
          ],
          "fields": "",
          "values": false
        },
        "showPercentChange": false,
        "textMode": "value_and_name",
        "wideLayout": true
      },
      "pluginVersion": "10.4.0",
      "targets": [
        {
          "datasource": {
            "type": "influxdb",
            "uid": "influx"
          },
          "query": "from(bucket: \"tplr\")\n  |> range(start: v.timeRangeStart, stop: v.timeRangeStop)\n  |> filter(fn: (r) => r._measurement == \"Vvalidator_window_v2\")\n  |> filter(fn: (r) => r._field == \"evaluated_uids_count\")\n  |> filter(fn: (r) => r[\"role\"] == \"validator\")\n  |> filter(fn: (r) => r[\"version\"] == \"${templar_version}\")\n  |> filter(fn: (r) => r[\"uid\"] =~ /^\\d+$/)\n  |> filter(fn: (r) => r[\"config_netuid\"] == \"3\")\n  |> filter(fn: (r) => r[\"config_project\"] == \"templar\")\n  |> sort(columns: [\"_time\"])\n  |> group(columns: [\"uid\"])\n  |> yield(name: \"_value\")",
          "refId": "A"
        }
      ],
      "title": "Validator Evaluated UIDs",
      "type": "stat"
    },
    {
      "datasource": {
        "type": "influxdb",
        "uid": "influx"
      },
      "fieldConfig": {
        "defaults": {
          "color": {
            "mode": "palette-classic"
          },
          "custom": {
            "axisBorderShow": false,
            "axisCenteredZero": false,
            "axisColorMode": "text",
            "axisLabel": "",
            "axisPlacement": "auto",
            "barAlignment": 0,
            "drawStyle": "line",
            "fillOpacity": 0,
            "gradientMode": "none",
            "hideFrom": {
              "legend": false,
              "tooltip": false,
              "viz": false
            },
            "insertNulls": false,
            "lineInterpolation": "linear",
            "lineWidth": 1,
            "pointSize": 5,
            "scaleDistribution": {
              "type": "linear"
            },
            "showPoints": "auto",
            "spanNulls": false,
            "stacking": {
              "group": "A",
              "mode": "none"
            },
            "thresholdsStyle": {
              "mode": "off"
            }
          },
          "decimals": 1,
          "fieldMinMax": false,
          "mappings": [],
          "thresholds": {
            "mode": "absolute",
            "steps": [
              {
                "color": "red",
                "value": null
              },
              {
                "color": "green",
                "value": 80
              }
            ]
          },
          "unit": "percent"
        },
        "overrides": [
          {
            "__systemRef": "hideSeriesFrom",
            "matcher": {
              "id": "byNames",
              "options": {
                "mode": "exclude",
                "names": [
                  "gather_success_rate 1"
                ],
                "prefix": "All except:",
                "readOnly": true
              }
            },
            "properties": [
              {
                "id": "custom.hideFrom",
                "value": {
                  "legend": false,
                  "tooltip": false,
                  "viz": true
                }
              }
            ]
          }
        ]
      },
      "gridPos": {
        "h": 10,
        "w": 24,
        "x": 0,
        "y": 43
      },
      "id": 42,
      "options": {
        "legend": {
          "calcs": [],
          "displayMode": "list",
          "placement": "bottom",
          "showLegend": true
        },
        "tooltip": {
          "mode": "single",
          "sort": "none"
        }
      },
      "pluginVersion": "10.4.0",
      "targets": [
        {
          "datasource": {
            "type": "influxdb",
            "uid": "influx"
          },
          "query": "from(bucket: \"tplr\")\n  |> range(start: v.timeRangeStart, stop: v.timeRangeStop)\n  |> filter(fn: (r) => r._measurement == \"Vvalidator_window_v2\")\n  |> filter(fn: (r) => r._field == \"gather_success_rate\")\n  |> filter(fn: (r) => r[\"role\"] == \"validator\")\n  |> filter(fn: (r) => r[\"version\"] == \"${templar_version}\")\n  |> filter(fn: (r) => r[\"uid\"] =~ /^\\d+$/)\n  |> filter(fn: (r) => r[\"config_netuid\"] == \"3\")\n  |> filter(fn: (r) => r[\"config_project\"] == \"templar\")\n  |> sort(columns: [\"_time\"])\n  |> group(columns: [\"uid\", \"_field\"])\n  |> aggregateWindow(every: v.windowPeriod, fn: mean, createEmpty: false)\n  |> yield(name: \"mean\")",
          "refId": "A"
        }
      ],
      "title": "Validator Gather Success Rate - Detailed",
      "type": "timeseries"
    },
    {
      "collapsed": false,
      "gridPos": {
        "h": 1,
        "w": 24,
        "x": 0,
        "y": 53
      },
      "id": 49,
      "panels": [],
      "title": "Miners Metrics",
      "type": "row"
    },
    {
      "datasource": {
        "type": "influxdb",
        "uid": "influx"
      },
      "fieldConfig": {
        "defaults": {
          "color": {
            "mode": "palette-classic"
          },
          "custom": {
            "axisBorderShow": false,
            "axisCenteredZero": false,
            "axisColorMode": "text",
            "axisLabel": "",
            "axisPlacement": "left",
            "barAlignment": 0,
            "drawStyle": "line",
            "fillOpacity": 10,
            "gradientMode": "none",
            "hideFrom": {
              "legend": false,
              "tooltip": false,
              "viz": false
            },
            "insertNulls": false,
            "lineInterpolation": "linear",
            "lineStyle": {
              "fill": "solid"
            },
            "lineWidth": 1,
            "pointSize": 5,
            "scaleDistribution": {
              "type": "linear"
            },
            "showPoints": "auto",
            "spanNulls": false,
            "stacking": {
              "group": "A",
              "mode": "none"
            },
            "thresholdsStyle": {
              "mode": "off"
            }
          },
          "fieldMinMax": false,
          "mappings": [],
          "thresholds": {
            "mode": "absolute",
            "steps": [
              {
                "color": "green",
                "value": null
              },
              {
                "color": "red",
                "value": 80
              }
            ]
          },
          "unit": "none"
        },
        "overrides": []
      },
      "gridPos": {
        "h": 14,
        "w": 24,
        "x": 0,
        "y": 54
      },
      "id": 29,
      "options": {
        "legend": {
          "calcs": [],
          "displayMode": "list",
          "placement": "bottom",
          "showLegend": true
        },
        "tooltip": {
          "mode": "single",
          "sort": "none"
        }
      },
      "targets": [
        {
          "datasource": {
            "type": "influxdb",
            "uid": "influx"
          },
          "query": "from(bucket: \"tplr\")\n  |> range(start: v.timeRangeStart, stop: v.timeRangeStop)\n  |> filter(fn: (r) => r._measurement == \"Mtraining_step_v2\")\n  |> filter(fn: (r) => r._field == \"loss\")\n  |> filter(fn: (r) => r[\"uid\"] =~ /^${uid:regex}$/)\n  |> filter(fn: (r) => r[\"role\"] == \"miner\")\n  |> filter(fn: (r) => r[\"version\"] == \"${templar_version}\")\n  |> filter(fn: (r) => r[\"config_netuid\"] == \"3\")\n  |> filter(fn: (r) => r[\"config_project\"] == \"templar\")\n  |> sort(columns: [\"_time\"])\n  |> group(columns: [\"uid\", \"_field\"])\n  |> aggregateWindow(every: v.windowPeriod, fn: mean, createEmpty: false)\n  |> yield(name: \"mean\")",
          "refId": "A"
        }
      ],
      "title": "Miners Loss",
      "type": "timeseries"
    },
    {
      "datasource": {
        "type": "influxdb",
        "uid": "influx"
      },
      "fieldConfig": {
        "defaults": {
          "color": {
            "mode": "thresholds"
          },
          "mappings": [],
          "thresholds": {
            "mode": "absolute",
            "steps": [
              {
                "color": "green",
                "value": null
              },
              {
                "color": "red",
                "value": 80
              }
            ]
          }
        },
        "overrides": []
      },
      "gridPos": {
        "h": 11,
        "w": 24,
        "x": 0,
        "y": 68
      },
      "id": 40,
      "options": {
        "colorMode": "value",
        "graphMode": "area",
        "justifyMode": "auto",
        "orientation": "auto",
        "reduceOptions": {
          "calcs": [
            "lastNotNull"
          ],
          "fields": "/^_value$/",
          "values": true
        },
        "showPercentChange": false,
        "textMode": "auto",
        "wideLayout": true
      },
      "pluginVersion": "10.4.0",
      "targets": [
        {
          "datasource": {
            "type": "influxdb",
            "uid": "influx"
          },
          "query": "from(bucket: \"tplr\")\n  |> range(start: v.timeRangeStart, stop: v.timeRangeStop)\n  |> filter(fn: (r) => r._measurement == \"Mtraining_step_v2\")\n  |> filter(fn: (r) => r._field == \"tokens_per_sec\")\n  |> filter(fn: (r) => r[\"uid\"] =~ /^${uid:regex}$/)\n  |> filter(fn: (r) => r[\"role\"] == \"miner\")\n  |> filter(fn: (r) => r[\"version\"] == \"${templar_version}\")\n  |> filter(fn: (r) => r[\"config_netuid\"] == \"3\")\n  |> filter(fn: (r) => r[\"config_project\"] == \"templar\")\n  |> aggregateWindow(every: v.windowPeriod, fn: mean, createEmpty: false)\n  |> group()\n  |> top(n: 20, columns: [\"_value\"])\n  |> sort(columns: [\"_value\"], desc: true)\n  |> keep(columns: [\"_value\", \"uid\"])\n  |> yield(name: \"global_top_20_mean\")",
          "refId": "A"
        }
      ],
      "title": "Training Throughput (tokens/sec) - TOP 20",
      "type": "stat"
    },
    {
      "collapsed": false,
      "gridPos": {
        "h": 1,
        "w": 24,
        "x": 0,
        "y": 79
      },
      "id": 50,
      "panels": [],
      "repeat": "validator_uid",
      "repeatDirection": "h",
      "title": "Validator $validator_uid Metrics",
      "type": "row"
    },
    {
      "datasource": {
        "type": "influxdb",
        "uid": "influx"
      },
      "fieldConfig": {
        "defaults": {
          "color": {
            "mode": "thresholds"
          },
          "decimals": 5,
          "mappings": [],
          "noValue": "0",
          "thresholds": {
            "mode": "absolute",
            "steps": [
              {
                "color": "green",
                "value": null
              },
              {
                "color": "red",
                "value": 80
              }
            ]
          },
          "unit": "none"
        },
        "overrides": []
      },
      "gridPos": {
        "h": 10,
        "w": 24,
        "x": 0,
        "y": 80
      },
      "id": 6,
      "options": {
        "colorMode": "value",
        "graphMode": "area",
        "justifyMode": "center",
        "orientation": "auto",
        "reduceOptions": {
          "calcs": [
            "allValues"
          ],
          "fields": "/^_value$/",
          "values": true
        },
        "showPercentChange": false,
        "textMode": "value_and_name",
        "wideLayout": true
      },
      "pluginVersion": "10.4.0",
      "targets": [
        {
          "datasource": {
            "type": "influxdb",
            "uid": "influx"
          },
          "query": "from(bucket: \"tplr\")\n  |> range(start: v.timeRangeStart, stop: v.timeRangeStop)\n  |> filter(fn: (r) => r._measurement == \"Vvalidator_scores\")\n  |> filter(fn: (r) => r._field == \"weight\")\n  |> filter(fn: (r) => r[\"uid\"] == \"${validator_uid}\")\n  |> filter(fn: (r) => r[\"version\"] == \"${templar_version}\")\n  |> filter(fn: (r) => r[\"eval_uid\"] =~ /^${uid:regex}$/)\n  |> group(columns: [\"_field\", \"eval_uid\"])\n  |> last()\n  |> keep(columns: [\"eval_uid\", \"_value\"])\n  |> filter(fn: (r) => r._value > 0)\n  |> group()\n  |> sort(columns: [\"_value\"], desc: true)\n  |> yield(name: \"weight_per_eval_uid\")\n",
          "refId": "A"
        }
      ],
      "title": "Evaluated UID Weights (Miners)",
      "type": "stat"
    },
    {
      "datasource": {
        "type": "influxdb",
        "uid": "influx"
      },
      "fieldConfig": {
        "defaults": {
          "color": {
            "mode": "palette-classic"
          },
          "custom": {
            "axisBorderShow": true,
            "axisCenteredZero": false,
            "axisColorMode": "text",
            "axisLabel": "",
            "axisPlacement": "auto",
            "barAlignment": 0,
            "drawStyle": "line",
            "fillOpacity": 0,
            "gradientMode": "none",
            "hideFrom": {
              "legend": false,
              "tooltip": false,
              "viz": false
            },
            "insertNulls": false,
            "lineInterpolation": "linear",
            "lineStyle": {
              "dash": [
                0,
                10
              ],
              "fill": "dot"
            },
            "lineWidth": 1,
            "pointSize": 5,
            "scaleDistribution": {
              "type": "linear"
            },
            "showPoints": "auto",
            "spanNulls": false,
            "stacking": {
              "group": "A",
              "mode": "none"
            },
            "thresholdsStyle": {
              "mode": "off"
            }
          },
          "decimals": 4,
          "fieldMinMax": false,
          "mappings": [],
          "thresholds": {
            "mode": "absolute",
            "steps": [
              {
                "color": "red",
                "value": null
              }
            ]
          },
          "unit": "none"
        },
        "overrides": []
      },
      "gridPos": {
        "h": 17,
        "w": 12,
        "x": 0,
        "y": 90
      },
      "id": 41,
      "interval": "1m",
      "maxDataPoints": 2128,
      "options": {
        "legend": {
          "calcs": [],
          "displayMode": "list",
          "placement": "right",
          "showLegend": true
        },
        "tooltip": {
          "mode": "single",
          "sort": "none"
        }
      },
      "pluginVersion": "10.4.0",
      "targets": [
        {
          "datasource": {
            "type": "influxdb",
            "uid": "influx"
          },
          "query": "// Get timestamps \nstart = v.timeRangeStart\nstop = v.timeRangeStop\n\n// If the time range is greater than 1 hour, limit to most recent hour\nadjustedStart = if (int(v: stop) - int(v: start)) > 3600000000000 then \n  time(v: int(v: stop) - 3600000000000) \nelse \n  start\n\nfrom(bucket: \"tplr\")\n  |> range(start: adjustedStart, stop: stop)\n  |> filter(fn: (r) => r[\"_measurement\"] == \"Vvalidator_scores\")\n  |> filter(fn: (r) => r[\"_field\"] == \"weight\")\n  |> filter(fn: (r) => r[\"uid\"] == \"${validator_uid}\")\n  |> filter(fn: (r) => r[\"eval_uid\"] =~ /^${uid:regex}$/)\n  |> filter(fn: (r) => r[\"version\"] == \"${templar_version}\")\n  |> filter(fn: (r) => r[\"config_netuid\"] == \"3\")\n  |> filter(fn: (r) => r[\"config_project\"] == \"templar\")\n  |> sort(columns: [\"_time\"])\n  |> group(columns: [\"_field\", \"eval_uid\"])\n  |> aggregateWindow(every: 1h, fn: mean, createEmpty: false)\n  |> yield(name: \"mean\")",
          "refId": "A"
        }
      ],
      "title": "Validator Weight Score (per eval uid)",
      "type": "timeseries"
    },
    {
      "datasource": {
        "type": "influxdb",
        "uid": "influx"
      },
      "fieldConfig": {
        "defaults": {
          "color": {
            "mode": "palette-classic"
          },
          "custom": {
            "axisBorderShow": true,
            "axisCenteredZero": false,
            "axisColorMode": "text",
            "axisGridShow": true,
            "axisLabel": "",
            "axisPlacement": "auto",
            "barAlignment": 0,
            "drawStyle": "line",
            "fillOpacity": 0,
            "gradientMode": "none",
            "hideFrom": {
              "legend": false,
              "tooltip": false,
              "viz": false
            },
            "insertNulls": false,
            "lineInterpolation": "linear",
            "lineStyle": {
              "fill": "solid"
            },
            "lineWidth": 1,
            "pointSize": 5,
            "scaleDistribution": {
              "type": "linear"
            },
            "showPoints": "auto",
            "spanNulls": false,
            "stacking": {
              "group": "A",
              "mode": "none"
            },
            "thresholdsStyle": {
              "mode": "off"
            }
          },
          "decimals": 4,
          "fieldMinMax": false,
          "mappings": [],
          "thresholds": {
            "mode": "absolute",
            "steps": [
              {
                "color": "red",
                "value": null
              }
            ]
          },
          "unit": "none"
        },
        "overrides": []
      },
      "gridPos": {
        "h": 17,
        "w": 12,
        "x": 12,
        "y": 90
      },
      "id": 44,
      "options": {
        "legend": {
          "calcs": [],
          "displayMode": "list",
          "placement": "right",
          "showLegend": true
        },
        "tooltip": {
          "mode": "single",
          "sort": "none"
        }
      },
      "pluginVersion": "10.4.0",
      "targets": [
        {
          "datasource": {
            "type": "influxdb",
            "uid": "influx"
          },
          "query": "// Get timestamps \nstart = v.timeRangeStart\nstop = v.timeRangeStop\n\n// If the time range is greater than 1 hour, limit to most recent hour\nadjustedStart = if (int(v: stop) - int(v: start)) > 3600000000000 then \n  time(v: int(v: stop) - 3600000000000) \nelse \n  start\n\nfrom(bucket: \"tplr\")\n  |> range(start: adjustedStart, stop: stop)\n  |> filter(fn: (r) => r._measurement == \"Vvalidator_scores\")\n  |> filter(fn: (r) => r._field == \"gradient_score\")\n  |> filter(fn: (r) => r[\"uid\"] == \"${validator_uid}\")\n  |> filter(fn: (r) => r[\"eval_uid\"] =~ /^${uid:regex}$/)\n  |> filter(fn: (r) => r[\"version\"] == \"${templar_version}\")\n  |> filter(fn: (r) => r[\"config_netuid\"] == \"3\")\n  |> filter(fn: (r) => r[\"config_project\"] == \"templar\")\n  |> sort(columns: [\"_time\"])\n  |> group(columns: [\"_field\", \"eval_uid\"])\n  |> aggregateWindow(every: 30m, fn: mean, createEmpty: false)\n  |> yield(name: \"mean\")",
          "refId": "A"
        }
      ],
      "title": "Validator Gradient Score (per eval uid)",
      "type": "timeseries"
    }
  ],
  "refresh": "",
  "schemaVersion": 39,
  "tags": [
    "templar"
  ],
  "templating": {
    "list": [
      {
        "allValue": "",
        "current": {
          "selected": true,
          "text": [
            "All"
          ],
          "value": [
            "$__all"
          ]
        },
        "datasource": {
          "type": "influxdb",
          "uid": "influx"
        },
        "definition": "import \"influxdata/influxdb/schema\"\n\nschema.tagValues(bucket: \"tplr\", tag: \"uid\")",
        "hide": 0,
        "includeAll": true,
        "label": "UID",
        "multi": true,
        "name": "uid",
        "options": [],
        "query": "import \"influxdata/influxdb/schema\"\n\nschema.tagValues(bucket: \"tplr\", tag: \"uid\")",
        "refresh": 1,
        "regex": "",
        "skipUrlSync": false,
        "sort": 3,
        "type": "query"
      },
      {
        "current": {
          "selected": false,
          "text": "0.2.73",
          "value": "0.2.73"
        },
        "datasource": {
          "type": "marcusolsson-json-datasource",
          "uid": "templar-version-json"
        },
        "definition": "$.version",
        "hide": 1,
        "includeAll": false,
        "label": "templar project version",
        "multi": false,
        "name": "templar_version",
        "options": [],
        "query": {
          "cacheDurationSeconds": 30,
          "fields": [
            {
              "jsonPath": "$.version"
            }
          ],
          "method": "GET",
          "queryParams": "",
          "urlPath": ""
        },
        "refresh": 1,
        "regex": "",
        "skipUrlSync": false,
        "sort": 0,
        "type": "query"
      },
      {
        "allValue": "1",
        "current": {
          "selected": true,
          "text": [
            "1"
          ],
          "value": [
            "1"
          ]
        },
        "datasource": {
          "type": "influxdb",
          "uid": "influx"
        },
        "definition": "import \"influxdata/influxdb/schema\"\nimport \"influxdata/influxdb/v1\"\n\nv1.tagValues(\n  bucket: \"tplr\",\n  tag: \"uid\",\n  predicate: (r) => r._measurement == \"Vvalidator_window_v2\" and r.role == \"validator\" and r.config_netuid == \"3\" and r.config_project == \"templar\" and r.version == \"${templar_version}\"\n)\n  |> sort()",
        "hide": 2,
        "includeAll": true,
        "label": "Validator Uid",
        "multi": true,
        "name": "validator_uid",
        "options": [],
        "query": "import \"influxdata/influxdb/schema\"\nimport \"influxdata/influxdb/v1\"\n\nv1.tagValues(\n  bucket: \"tplr\",\n  tag: \"uid\",\n  predicate: (r) => r._measurement == \"Vvalidator_window_v2\" and r.role == \"validator\" and r.config_netuid == \"3\" and r.config_project == \"templar\" and r.version == \"${templar_version}\"\n)\n  |> sort()",
        "refresh": 1,
        "regex": "",
        "skipUrlSync": false,
        "sort": 5,
        "type": "query"
      }
    ]
  },
  "time": {
    "from": "now-3h",
    "to": "now"
  },
  "timepicker": {
    "refresh_intervals": [
      "1m",
      "5m",
      "15m",
      "30m",
      "1h",
      "2h",
      "1d"
    ]
  },
  "timezone": "",
  "title": "Templar Metrics",
  "uid": "templar_metrics",
  "version": 62,
  "weekStart": ""
}
