{
  "cls_token": "[CLS]",
  "do_basic_tokenize": true,
  "do_lower_case": true,
  "mask_token": "[MASK]",
  "name_or_path": "hfl/chinese-roberta-wwm-ext",
  "never_split": null,
  "pad_token": "[PAD]",
  "sep_token": "[SEP]",
  "special_tokens_map_file": "/home/chenweifeng/.cache/huggingface/hub/models--hfl--chinese-roberta-wwm-ext/snapshots/5c58d0b8ec1d9014354d691c538661bf00bfdb44/special_tokens_map.json",
  "strip_accents": null,
  "tokenize_chinese_chars": true,
  "tokenizer_class": "BertTokenizer",
  "unk_token": "[UNK]",
  "model_max_length": 77
}
