{
  "_name_or_path": "hfl/chinese-roberta-wwm-ext-large",
  "architectures": [
    "BertModel"
  ],
  "attention_probs_dropout_prob": 0.1,
  "bos_token_id": 0,
  "classifier_dropout": null,
  "directionality": "bidi",
  "eos_token_id": 2,
  "hidden_act": "gelu",
  "hidden_dropout_prob": 0.1,
  "hidden_size": 1024,
  "initializer_range": 0.02,
  "intermediate_size": 4096,
  "layer_norm_eps": 1e-12,
  "max_position_embeddings": 512,
  "model_type": "bert",
  "num_attention_heads": 16,
  "num_hidden_layers": 24,
  "output_past": true,
  "pad_token_id": 0,
  "pooler_fc_size": 768,
  "pooler_num_attention_heads": 12,
  "pooler_num_fc_layers": 3,
  "pooler_size_per_head": 128,
  "pooler_type": "first_token_transform",
  "position_embedding_type": "absolute",
  "torch_dtype": "float32",
  "transformers_version": "4.22.1",
  "type_vocab_size": 2,
  "use_cache": true,
  "vocab_size": 47020
}

