{
  "d_ff": 65536,
  "d_kv": 128,
  "d_model": 1024,
  "decoder_start_token_id": 0,
  "dropout_rate": 0.1,
  "eos_token_id": 1,
  "dense_act_fn": "relu",
  "initializer_factor": 1.0,
  "is_encoder_decoder": true,
  "is_gated_act": false,
  "layer_norm_epsilon": 1e-06,
  "model_type": "t5",
  "num_decoder_layers": 24,
  "num_heads": 128,
  "num_layers": 24,
  "output_past": true,
  "pad_token_id": 0,
  "relative_attention_num_buckets": 32,
  "tie_word_embeddings": false,
  "vocab_size": 32128
}
