{
  "d_ff": 5120,
  "d_kv": 64,
  "d_model": 2048,
  "decoder_start_token_id": 0,
  "dropout_rate": 0.1,
  "eos_token_id": 2,
  "dense_act_fn": "gelu_pytorch_tanh",
  "initializer_factor": 1.0,
  "is_encoder_decoder": true,
  "is_gated_act": true,
  "layer_norm_epsilon": 1e-06,
  "model_type": "umt5",
  "num_decoder_layers": 24,
  "num_heads": 32,
  "num_layers": 24,
  "output_past": true,
  "pad_token_id": 1,
  "relative_attention_num_buckets": 32,
  "tie_word_embeddings": false,
  "vocab_size": 32128
}
