{
  "Prompt": {
    "inputs": {
      "text": "a penguin in london, high quality, hd",
      "clip": [
        "93",
        1
      ]
    },
    "class_type": "CLIPTextEncode",
    "_meta": {
      "title": "CLIP Text Encode (Prompt)"
    }
  },
  "87": {
    "inputs": {
      "images": [
        "88",
        0
      ]
    },
    "class_type": "PreviewImage",
    "_meta": {
      "title": "Preview Image"
    }
  },
  "88": {
    "inputs": {
      "samples": [
        "Sampler",
        0
      ],
      "vae": [
        "90",
        0
      ]
    },
    "class_type": "VAEDecode",
    "_meta": {
      "title": "VAE Decode"
    }
  },
  "90": {
    "inputs": {
      "vae_name": "sdxl_vae.safetensors"
    },
    "class_type": "VAELoader",
    "_meta": {
      "title": "Load VAE"
    }
  },
  "Sampler": {
    "inputs": {
      "seed": 788125745393608,
      "steps": 8,
      "cfg": 2,
      "sampler_name": "euler_ancestral",
      "scheduler": "normal",
      "denoise": 1,
      "model": [
        "93",
        0
      ],
      "positive": [
        "Prompt",
        0
      ],
      "negative": [
        "Negative_prompt",
        0
      ],
      "latent_image": [
        "Latent",
        0
      ]
    },
    "class_type": "KSampler",
    "_meta": {
      "title": "KSampler"
    }
  },
  "93": {
    "inputs": {
      "ckpt_name": "proteus.safetensors",
      "key_opt": "",
      "mode": "Auto"
    },
    "class_type": "CheckpointLoaderSimpleShared //Inspire",
    "_meta": {
      "title": "Shared Checkpoint Loader (Inspire)"
    }
  },
  "Latent": {
    "inputs": {
      "width": 1280,
      "height": 1280,
      "batch_size": 1
    },
    "class_type": "EmptyLatentImage",
    "_meta": {
      "title": "Empty Latent Image"
    }
  },
  "Negative_prompt": {
    "inputs": {
      "text": "embedding:negativeXL_A",
      "clip": [
        "93",
        1
      ]
    },
    "class_type": "CLIPTextEncode",
    "_meta": {
      "title": "CLIP Text Encode (Prompt)"
    }
  }
}